Abl;acm;acl;acc;al;bl;cm;cv;cs;cl;cml;ccr;dcl;ds;dm;ecl;es;eu;f;n;n2;n1;im;iv;l;mcc;mn;m;pvm;prm;pum;sc;s;scc;defects
1;11;1;1;13;41;6;6;5;203;23;0,11;89;83;0;116;102;19;19;1256;557;699;13;26;260;3;1;19;4;7;8;133;159;23;0
2;14;1;2;16;38;4;6;5;183;14;0,08;70;68;0;108;85;13;13;1170;498;672;9;27;227;10;2;13;2;4;7;111;135;22;0
3;18;4;2;23;125;1;4;9;604;119;0,2;218;199;0;410;310;37;37;4463;1919;2544;36;32;818;11;4;37;11;13;13;367;441;68;1
1;10;0;2;10;8;1;1;2;31;0;0,0;22;17;1;12;8;2;3;163;67;96;2;0;39;2;1;3;0;0;2;15;20;3;0
2;13;2;2;17;77;0;1;6;306;50;0,16;132;119;0;172;141;23;23;2102;905;1197;23;24;430;7;3;23;9;7;7;193;235;38;0
1;10;1;1;12;23;6;6;4;119;8;0,07;35;36;0;74;60;11;11;752;328;424;5;26;147;2;1;11;1;1;9;81;94;12;0
2;20;4;4;25;29;0;6;1;131;32;0,24;51;49;0;92;74;5;5;933;404;529;5;11;181;11;3;5;3;1;1;91;108;20;0
2;13;2;2;17;73;0;1;6;306;50;0,16;132;119;0;172;141;23;23;2102;905;1197;23;24;426;7;3;23;9;7;7;193;235;38;0
1;10;1;1;11;23;6;6;4;123;8;0,07;37;38;0;75;61;12;12;781;340;441;6;26;151;2;1;12;2;1;9;83;97;13;0
2;20;4;4;25;29;0;6;1;131;32;0,24;51;49;0;92;74;5;5;933;404;529;5;11;181;11;3;5;3;1;1;91;108;20;0
2;13;2;2;17;78;0;1;7;305;47;0,15;131;118;0;173;137;24;24;2108;909;1199;24;24;427;7;3;24;9;7;8;188;230;38;0
1;11;1;1;12;25;6;6;4;123;8;0,07;35;36;0;77;62;11;11;773;336;437;5;26;153;2;1;11;1;1;9;82;96;13;0
3;18;3;2;23;88;1;3;6;423;91;0,22;171;160;0;260;209;24;24;2956;1276;1680;23;33;585;10;3;24;6;7;11;277;329;48;0
3;18;3;2;23;90;1;3;6;425;74;0,17;172;161;0;261;211;24;24;2977;1287;1690;23;33;572;10;3;24;6;7;11;280;332;48;0
3;18;3;2;23;88;1;3;6;424;88;0,21;171;160;0;261;211;24;24;2974;1285;1689;23;33;583;10;3;24;6;7;11;279;331;48;0
2;18;3;2;23;89;1;3;6;425;88;0,21;171;160;0;262;212;24;24;2977;1286;1691;23;33;585;10;3;24;6;7;11;280;332;48;0
2;18;3;2;23;87;1;3;6;424;87;0,21;171;160;0;261;211;24;24;2974;1285;1689;23;33;581;10;3;24;6;7;11;279;331;48;0
6;19;1;4;26;32;0;4;1;91;3;0,03;45;42;0;52;46;3;3;665;271;394;3;10;126;10;1;3;1;1;1;69;82;12;0
2;20;4;4;25;29;0;6;1;132;32;0,24;52;50;0;93;75;5;5;943;407;536;5;12;182;11;3;5;3;1;1;92;109;20;0
3;20;4;4;26;36;0;6;1;134;38;0,28;52;50;0;95;77;5;5;964;416;548;5;12;196;11;3;5;3;1;1;93;111;21;0
3;18;0;1;21;6;0;0;1;23;0;0,0;10;4;0;11;11;1;1;137;61;76;1;11;29;1;0;1;0;0;1;13;15;1;0
2;22;0;1;24;5;0;0;1;27;1;0,04;11;4;0;14;14;1;1;170;76;94;1;14;33;1;0;1;0;0;1;16;18;1;0
1;8;6;1;14;8;0;0;1;28;11;0,39;19;16;0;9;8;2;2;221;100;121;2;1;47;1;0;2;0;1;1;19;22;2;0
0;4;0;1;4;7;1;1;1;16;0;0,0;8;7;0;4;4;3;3;66;24;42;2;0;23;1;0;3;0;0;3;7;11;3;0
1;3;0;1;4;11;0;0;1;31;0;0,0;23;18;0;2;2;5;5;231;110;121;5;0;42;1;0;5;0;0;5;14;20;5;0
3;18;2;3;22;21;0;0;1;105;13;0,12;47;46;0;63;56;5;5;664;287;377;5;0;139;4;3;5;1;0;4;65;83;16;0
5;22;1;4;28;21;0;0;2;82;3;0,04;31;29;0;52;47;3;3;612;248;364;3;5;105;10;1;3;0;1;2;58;71;12;0
1;7;2;1;10;20;0;1;2;67;12;0,18;29;26;0;34;20;8;8;366;144;222;8;0;99;2;1;8;2;2;4;34;44;9;0
3;10;5;1;18;10;0;1;2;23;7;0,3;11;11;0;11;6;2;2;124;48;76;2;0;40;1;0;2;0;1;1;13;16;2;0
2;17;3;2;22;91;1;3;6;436;88;0,2;176;164;0;267;217;26;26;3051;1321;1730;25;33;597;10;3;26;7;7;12;286;340;50;1
2;12;1;2;15;61;0;0;6;255;37;0,15;115;105;0;136;109;21;21;1687;722;965;21;23;352;7;3;21;8;7;6;156;193;33;0
6;21;5;4;31;37;0;0;1;92;15;0,16;41;37;0;54;52;3;3;680;281;399;3;16;142;10;1;3;1;1;1;69;82;12;0
0;0;0;0;0;31;0;60;1;63;53;0,84;62;62;0;60;0;0;0;531;204;327;0;0;111;0;0;0;0;0;0;61;62;0;0
6;7;2;4;5;93;6;2;7;575;0;0,743022249247955;14;78;1;303;16;31;27;3138;1234;1495;10;7;390;6;4;2;4;7;6;97;239;27;0
4;16;3;0;22;14;6;42;6;602;22;0,4752779717473464;153;123;0;72;301;30;35;404;1581;1999;30;12;432;1;1;28;3;7;3;139;44;47;0
2;12;6;1;19;115;1;59;2;366;105;0,2565380127023247;111;193;1;199;229;3;36;2591;1603;2178;33;32;523;5;3;4;1;0;5;247;212;39;0
4;4;2;4;4;6;0;39;4;421;62;0,7656066545691721;38;60;0;382;109;15;26;4092;327;1222;22;4;289;5;4;19;4;1;8;31;106;67;1
1;12;5;3;17;81;1;16;9;83;117;0,3287455378912319;99;74;0;59;307;0;18;2297;1908;1910;18;29;102;0;3;36;6;7;6;349;338;47;0
1;20;5;0;2;56;3;28;7;593;86;0,3777683935525458;198;104;0;303;154;5;12;3053;312;1607;9;16;222;11;0;28;4;10;11;103;92;19;0
1;6;6;1;30;30;3;4;2;193;104;0,1296272900844765;143;127;0;374;282;35;18;1701;1017;807;9;21;421;0;3;12;3;2;5;296;265;31;0
6;17;1;2;7;43;5;38;7;289;113;0,7232308895484766;162;89;0;171;223;35;26;1746;982;1196;7;11;70;3;2;17;3;13;10;346;412;12;0
6;6;3;3;16;26;4;47;6;388;82;0,4634517995555063;65;183;1;334;119;28;4;2651;1163;1821;29;0;764;7;3;13;7;13;9;129;147;4;0
5;8;3;1;23;68;4;8;4;34;25;0,361893796662824;155;193;1;17;50;20;8;1871;633;1815;23;3;459;6;4;31;1;6;1;337;164;31;0
3;8;1;1;14;104;0;47;7;399;79;0,6550910126353046;79;191;1;356;94;24;27;805;352;961;3;16;267;8;3;5;10;6;8;341;43;3;0
0;16;4;4;22;14;0;57;3;119;40;0,8105027644318529;45;28;0;236;239;20;17;739;1766;2224;8;4;515;10;2;13;0;4;10;342;51;4;0
0;19;5;0;24;114;4;2;4;590;33;0,2169051383786593;55;71;0;235;264;1;8;2603;941;228;25;20;57;2;0;18;6;12;12;87;108;23;0
4;14;0;4;9;102;2;14;4;110;55;0,4416501357130963;95;7;1;259;74;36;3;427;178;718;21;11;697;11;4;12;5;12;5;105;264;52;1
6;19;2;2;2;37;1;21;9;273;11;0,2158611797375028;71;11;1;224;81;11;24;1291;1271;811;29;25;69;11;1;21;5;7;1;216;432;50;1
2;12;1;1;13;68;6;2;8;328;34;0,0937290266833284;90;86;0;153;81;25;17;2490;1095;764;10;5;624;10;1;22;10;3;10;21;60;45;0
6;7;2;0;21;75;1;14;5;190;101;0,4402328617926648;29;82;0;410;243;18;33;2587;1006;1901;9;8;339;0;0;20;0;13;10;310;309;15;0
2;6;3;3;8;88;0;1;9;406;93;0,2419151619158031;98;64;1;356;3;37;18;1402;993;789;36;26;386;11;1;24;2;10;9;76;407;4;0
2;1;2;1;24;44;3;39;3;381;55;0,4371964837565587;44;88;0;140;170;10;6;2210;815;1776;11;14;657;8;0;22;2;12;8;132;68;18;0
3;20;0;0;17;105;5;40;2;58;9;0,2684861093372924;146;103;0;263;16;7;1;2319;1418;1414;18;4;453;10;2;36;7;11;7;98;383;56;1
4;3;5;4;19;89;4;30;1;32;30;0,6502435895354356;117;130;1;328;297;30;0;2304;1017;1467;15;19;815;4;2;21;2;0;12;47;370;6;0
3;14;0;2;2;106;3;18;9;152;94;0,0449206156884231;141;184;0;218;267;9;24;3332;1518;1030;23;24;745;11;2;5;4;4;13;255;152;43;0
6;10;1;2;27;53;3;0;8;46;15;0,1916748674075288;179;41;1;54;14;6;16;2478;154;2452;27;13;211;5;2;32;0;4;2;261;274;56;1
2;6;1;1;9;20;4;5;4;163;77;0,731321715308075;182;39;0;57;306;19;29;2650;1131;1467;34;19;779;11;0;9;1;6;3;110;148;16;0
3;9;0;1;15;30;2;52;1;338;74;0,3076944265302136;199;34;0;365;12;28;31;701;856;563;8;26;610;2;4;12;0;6;0;336;145;18;0
3;13;3;2;22;102;0;30;9;360;59;0,0920801203695915;42;74;1;139;214;10;14;2023;1291;2229;6;23;713;5;3;15;10;0;4;328;49;6;0
6;14;1;1;22;121;3;54;5;297;24;0,8125910055442324;11;85;0;9;41;16;19;1979;840;606;18;16;214;7;0;5;0;6;0;87;246;51;1
2;7;1;3;19;101;3;20;5;225;60;0,0494541431759007;187;105;1;328;129;2;21;3638;385;2216;4;29;297;0;0;11;10;1;12;125;371;3;0
2;1;6;2;12;93;6;50;4;65;44;0,566667154362347;45;32;1;34;300;6;22;742;1195;1065;29;11;310;9;2;9;8;11;9;193;151;35;0
2;5;5;2;2;56;3;14;4;333;25;0,2073819947623264;148;173;0;240;192;13;28;1930;341;1801;9;21;802;9;1;34;2;0;6;123;112;7;0
0;9;6;1;16;109;4;43;4;454;28;0,3689474677756075;41;156;0;185;112;30;4;905;226;2166;20;28;286;11;0;11;10;2;1;37;390;19;0
0;14;0;1;22;110;0;34;3;278;27;0,4510068913327122;117;145;1;370;279;27;21;647;1698;1858;23;15;179;3;0;37;0;13;13;224;249;4;0
5;3;6;2;6;5;2;33;6;85;23;0,7097482584205436;27;26;1;287;292;27;15;4341;1865;1681;36;32;193;11;1;3;5;9;5;333;104;27;0
0;7;1;0;28;111;4;3;8;564;65;0,4238281555838619;87;12;0;118;172;23;32;2362;1854;2102;19;4;325;7;3;7;11;11;4;74;389;33;0
0;15;3;4;27;65;3;10;9;360;17;0,1388366426170576;110;155;0;247;168;8;26;3092;1497;182;18;15;648;6;2;31;8;6;10;125;306;49;1
1;22;5;2;6;29;6;37;6;153;104;0,5104847675341834;47;168;0;332;239;15;6;191;865;2518;11;26;307;0;3;31;2;4;12;215;393;8;0
0;9;5;1;21;26;3;45;3;586;32;0,5881234039795997;195;135;1;304;180;10;22;3316;450;508;15;25;670;7;0;14;0;4;8;285;428;5;0
3;10;4;4;26;96;1;9;3;170;88;0,2516385528868989;19;195;0;205;31;34;33;2532;1675;1979;21;12;218;1;3;19;5;6;13;197;190;59;1
1;0;2;2;3;29;2;50;9;296;98;0,6263460666189982;212;161;0;248;16;17;2;3191;141;2501;10;28;116;3;1;20;2;9;1;307;285;53;1
1;14;6;3;5;40;5;33;9;554;54;0,3359168237484976;208;111;0;235;233;30;0;1520;1261;2287;3;26;161;8;4;24;5;6;2;235;106;62;1
1;18;1;4;11;72;2;3;5;444;103;0,814733720996395;130;159;1;176;296;23;35;3951;1440;2273;22;17;291;2;1;27;5;10;0;46;207;7;0
4;9;4;0;7;59;0;14;5;334;9;0,3733421632750678;17;57;1;285;30;28;23;2923;462;524;18;17;330;0;1;9;0;0;2;336;41;12;0
5;12;1;1;15;82;0;0;4;270;18;0,2702500717568584;138;32;1;138;136;22;26;1057;1749;150;17;30;504;0;0;36;7;9;7;187;132;33;0
6;2;0;4;18;10;0;18;4;531;99;0,1767415166186027;36;178;0;107;44;3;20;3346;44;2434;11;21;320;2;4;21;6;3;13;299;247;64;1
4;0;6;3;19;27;4;15;9;340;64;0,1274575626204855;134;192;0;125;9;13;18;2231;1915;2029;19;31;679;11;0;26;8;10;13;174;221;60;1
4;15;4;2;21;124;3;56;1;37;64;0,6240305145441067;148;119;1;194;122;1;35;405;418;890;20;7;257;7;1;13;6;5;13;200;350;25;0
3;13;2;0;8;76;0;32;4;141;39;0,7686316346386572;85;74;1;306;157;36;5;184;140;2472;10;2;571;2;1;34;3;0;12;198;225;47;0
3;7;2;3;4;11;2;13;7;333;5;0,3217171775065979;83;158;0;73;16;12;19;2716;390;1488;22;31;282;9;3;4;2;12;5;53;368;60;1
3;3;5;2;20;41;2;25;8;295;80;0,5066000931177651;40;186;1;318;234;0;13;2275;797;1857;14;14;793;3;0;15;7;5;1;90;233;0;0
1;0;0;3;12;37;0;38;9;297;110;0,0045636160206417;175;44;0;152;177;20;35;82;746;945;5;0;759;4;1;36;8;3;8;26;228;23;0
1;18;3;2;9;109;4;26;8;435;75;0,5990548434221677;211;132;0;153;102;26;3;739;1375;980;14;33;194;6;4;29;4;6;12;42;385;16;0
4;10;3;0;5;117;3;45;3;22;87;0,2938573567565942;93;41;0;69;210;12;6;3140;168;964;1;20;268;5;4;9;11;4;0;164;311;58;1
5;19;5;4;11;15;5;5;3;252;83;0,6544252661531584;149;59;0;229;221;15;32;2197;1600;1469;26;9;617;7;2;36;11;4;0;114;119;15;0
4;11;6;3;19;71;3;28;8;91;101;0,3403720224627319;141;196;1;11;203;18;26;1387;680;734;1;23;231;1;0;37;5;8;2;269;62;61;1
2;21;1;2;10;99;5;1;2;94;56;0,5935169199576039;176;71;0;326;104;26;18;2002;26;1663;35;20;786;0;0;35;10;11;7;58;250;65;1
0;1;5;4;3;29;2;35;8;561;14;0,4520873813386009;170;132;0;117;218;12;34;3837;1223;502;27;6;238;4;3;31;10;0;2;23;77;36;0
1;16;4;1;29;110;2;3;3;121;110;0,3276404210576588;70;158;1;236;263;21;26;3007;1813;738;24;25;216;3;1;27;5;9;3;132;349;33;0
5;2;1;3;14;81;5;29;4;378;68;0,4726559243992914;16;17;1;73;230;35;11;986;668;2075;26;23;462;8;2;15;3;12;8;332;361;43;0
5;18;3;0;19;17;6;0;1;268;61;0,2431579216463572;44;12;1;167;49;30;8;1830;1774;1770;22;31;734;5;4;6;10;0;10;43;73;22;0
3;21;1;2;29;68;1;57;3;230;93;0,6666177547078866;190;117;0;89;295;6;16;4036;1030;1773;28;25;513;5;0;25;1;0;5;165;364;68;1
5;12;2;1;18;32;5;41;8;484;15;0,0214035895118565;171;21;1;362;295;15;34;1115;421;1668;24;5;453;2;2;6;9;8;4;132;56;55;1
6;16;3;1;0;55;1;3;7;226;31;0,66301648823494;86;159;1;178;236;8;15;2255;471;426;19;12;208;8;2;5;5;10;12;268;57;49;1
4;11;1;0;27;49;3;45;3;256;45;0,3823096481217495;109;51;0;113;303;20;37;1775;904;884;24;28;799;9;1;22;3;9;5;282;70;28;0
2;4;0;2;31;14;2;60;2;292;21;0,0837380501912841;55;74;1;83;148;25;3;2854;676;1034;27;1;125;3;4;32;6;10;13;251;425;27;0
0;14;5;3;4;50;6;48;5;460;73;0,0334739684724724;12;135;0;140;210;21;35;3023;465;1294;26;5;746;3;0;9;11;6;9;262;268;35;0
3;14;1;3;4;87;2;13;6;272;28;0,2482885944568991;168;64;0;187;261;9;18;877;1722;1788;33;21;752;3;4;22;2;6;7;156;269;12;0
6;4;2;1;3;29;4;46;1;580;94;0,3551234898652755;198;191;1;187;286;37;33;4035;1368;195;1;28;36;7;0;16;6;12;3;33;337;46;0
4;13;4;1;9;95;5;20;6;43;2;0,810299884300374;106;48;0;281;241;20;36;3334;659;2535;13;2;725;9;0;26;5;2;13;321;244;49;1
4;20;2;0;25;82;4;59;4;588;70;0,3199738499225192;169;10;0;90;107;24;2;327;826;1071;30;3;470;0;2;37;0;7;13;147;177;66;1
0;13;2;0;17;50;5;5;5;453;84;0,5751999276496433;141;66;0;349;271;36;5;1157;104;2275;29;21;284;5;1;14;9;13;7;17;97;2;0
1;21;2;4;29;31;6;24;4;60;112;0,6002262363640186;64;115;1;387;77;6;17;4060;1832;609;34;28;253;10;4;28;0;10;13;210;173;34;0
5;16;2;4;22;57;2;35;5;368;64;0,2931022840726607;58;67;0;235;277;7;34;1478;1391;1887;0;29;341;7;0;34;4;13;8;315;65;2;0
6;9;1;4;30;102;2;8;6;215;100;0,4673793231263788;187;169;1;128;175;16;0;1798;277;1235;36;24;752;3;2;12;0;12;5;94;17;67;1
6;4;5;1;1;120;5;11;5;463;97;0,6665921962320779;103;22;0;386;169;28;2;4061;1062;2102;2;1;444;11;4;2;10;7;3;263;361;20;0
2;3;1;2;6;121;4;26;9;95;87;0,7491483525535982;27;124;0;233;243;21;19;1400;265;844;9;20;165;0;1;12;2;2;12;207;172;39;0
1;14;3;1;18;12;5;30;5;95;14;0,160541071481943;195;76;1;157;301;25;25;1785;673;52;14;4;540;9;1;25;7;3;13;225;377;16;0
5;19;6;4;5;56;4;42;3;290;50;0,8128028474986182;55;189;1;144;275;33;20;1314;1065;1035;1;7;203;5;0;19;5;9;6;63;263;10;0
1;18;3;0;0;19;3;49;5;314;60;0,6415871002619674;25;139;0;307;245;22;37;2139;1887;1734;27;22;53;5;1;4;6;12;11;325;345;13;0
1;18;0;4;1;19;5;48;6;271;30;0,5173854984695366;214;174;1;17;296;31;6;2560;1428;2374;26;14;337;0;2;25;4;11;11;310;220;16;0
2;2;6;1;13;116;1;25;5;246;4;0,3124695953682055;95;185;0;220;34;29;17;3138;328;669;36;32;424;5;4;22;10;5;12;66;326;40;0
2;14;3;0;7;50;4;40;4;41;41;0,2996196272150539;207;197;1;84;181;12;10;1121;1524;486;26;8;163;1;4;36;9;6;10;141;84;31;0
4;1;3;4;29;23;1;54;1;429;52;0,291610002150156;85;29;1;319;189;25;37;2146;643;155;13;16;401;2;3;14;9;13;10;366;151;68;1
4;14;4;2;3;20;4;14;4;388;68;0,2072547471949751;95;26;0;229;40;1;5;2119;349;379;0;26;519;4;4;25;2;12;7;364;78;10;0
0;20;4;3;28;24;4;55;9;126;50;0,3320370496677747;168;176;0;280;211;11;30;345;1603;1326;9;5;682;1;0;9;5;1;3;248;20;66;1
4;22;6;0;5;47;6;46;9;278;111;0,8159244946676777;19;77;1;78;304;0;1;1489;847;1082;3;10;25;8;0;31;1;0;1;39;67;0;0
2;13;1;1;31;60;4;34;2;354;56;0,7511882940021022;63;182;1;200;116;10;18;1994;204;1896;6;27;288;8;4;31;3;10;12;198;152;18;0
6;11;0;1;23;14;0;30;3;218;38;0,0965951167539567;152;139;0;176;275;19;36;2449;165;718;6;13;736;0;4;5;3;2;9;38;16;30;0
1;22;5;0;23;6;0;3;7;49;117;0,0566529145540194;98;148;0;11;146;11;16;2967;461;188;4;3;88;4;1;35;6;6;5;178;249;39;0
2;22;1;4;14;96;0;17;6;396;71;0,3470929853645307;71;51;0;40;90;29;32;759;1915;1369;27;8;86;9;3;6;10;11;8;50;49;42;0
2;14;1;4;18;64;0;29;7;433;90;0,5655434037314068;67;51;0;99;283;17;5;127;1268;1737;15;15;683;10;4;12;7;5;7;358;93;13;0
1;13;5;2;5;90;4;7;7;486;114;0,0012132089157097;190;80;0;391;222;22;22;3524;1232;1420;31;29;641;10;1;30;4;1;13;102;47;36;0
4;22;0;4;20;25;3;57;4;74;65;0,5600021964042424;50;7;1;15;166;8;18;463;513;1821;15;33;550;6;1;26;9;3;5;129;240;46;0
5;13;0;4;23;49;6;37;3;103;30;0,3345846035711333;15;128;1;371;103;6;31;3835;1877;2079;13;15;275;0;3;9;9;6;0;298;234;49;1
3;22;0;2;14;106;6;5;8;465;91;0,283436022480728;211;133;1;113;285;20;0;2066;1165;923;0;9;568;8;3;4;7;7;8;286;415;32;0
6;17;6;2;29;69;6;41;5;540;63;0,3424352524367023;87;38;1;298;310;37;15;427;1865;259;11;3;238;5;1;0;4;9;3;282;45;50;1
2;20;5;3;28;39;5;11;5;516;37;0,7394234707041218;148;35;0;391;173;19;27;4324;787;1457;3;14;248;10;1;17;6;8;2;326;216;14;0
5;12;3;1;30;90;5;14;4;430;119;0,2522431346104636;185;100;0;49;67;13;31;3164;219;2131;4;25;803;10;4;24;3;12;8;79;321;45;0
2;8;3;3;8;106;3;36;8;204;101;0,7326154586894782;66;166;0;361;191;14;21;120;1300;1917;28;18;180;9;3;19;7;1;9;166;394;20;0
3;9;2;2;30;5;0;47;9;238;112;0,168048495638346;79;93;1;251;277;20;35;534;1431;637;23;27;781;2;0;1;9;12;8;357;397;23;0
3;8;5;2;20;123;6;53;2;172;68;0,0800453989194958;89;7;0;357;202;0;26;3693;1618;2349;26;12;584;3;1;27;0;7;12;158;184;14;0
2;12;6;3;24;88;0;27;7;378;40;0,599340831583087;215;166;0;330;255;8;11;3691;198;1454;17;10;167;9;4;7;0;8;5;176;65;62;1
5;15;6;1;0;6;6;44;8;59;78;0,5429471006560841;9;63;1;268;288;23;9;293;1291;84;9;19;321;6;3;9;1;11;13;121;245;43;0
5;13;4;1;18;17;3;4;6;120;114;0,102371582604086;49;44;0;377;292;13;35;3955;1900;1648;20;1;706;11;1;21;10;8;2;356;77;27;0
0;22;2;1;9;71;1;21;9;308;85;0,7258216908873828;11;86;1;313;17;31;23;3015;1720;1572;7;6;719;1;0;28;2;5;11;31;375;10;0
0;6;2;4;2;101;1;32;2;500;94;0,3000235682701342;144;68;0;12;171;14;19;2834;469;1876;4;3;382;11;3;32;11;12;6;329;153;8;0
5;6;5;3;18;114;1;32;6;530;117;0,6747796897193454;20;88;1;184;59;29;18;3259;1279;528;21;16;774;6;2;32;11;9;7;156;65;33;0
4;12;3;2;1;26;5;25;2;466;69;0,7950215561559029;26;81;1;131;220;10;36;289;1114;1143;20;28;729;9;4;32;11;6;1;276;291;48;0
5;13;6;2;2;31;6;47;3;473;77;0,8307752687703248;141;195;0;247;76;5;18;3041;1037;1092;32;16;558;2;2;22;10;7;11;261;288;58;1
1;8;5;4;15;12;3;46;8;538;82;0,3528057686448824;177;193;1;218;156;32;5;2701;243;1797;7;19;154;1;4;35;3;13;0;155;377;0;0
1;3;6;2;27;115;5;4;8;147;85;0,2558060403150938;15;66;1;96;181;23;13;3028;1777;1279;4;15;814;6;1;25;2;12;13;23;127;32;0
0;16;3;3;15;108;5;6;7;502;67;0,1417901467171875;154;82;0;101;184;28;26;3433;767;689;34;31;194;8;4;1;9;3;3;17;398;37;0
4;17;1;1;22;55;5;55;1;56;36;0,4731694098720999;23;123;1;286;286;15;31;4129;1037;1835;13;15;650;10;2;9;8;0;5;56;394;46;0
3;8;4;1;25;23;2;8;7;499;109;0,1637989345235268;169;105;0;366;126;19;14;1833;1868;1854;11;10;411;3;1;0;8;12;8;176;188;35;0
6;6;4;2;9;100;2;40;6;223;61;0,5707059927231322;41;69;1;385;24;20;17;3755;284;2470;16;5;267;3;2;27;5;8;2;245;425;46;0
0;17;5;4;21;84;4;7;4;112;4;0,7785665390335529;27;114;1;323;299;6;30;2942;1310;1771;13;23;590;2;1;5;6;12;1;162;380;48;0
4;16;4;0;23;109;2;44;3;555;4;0,5408517085955743;35;23;1;161;207;29;11;3419;29;1457;9;9;104;10;0;27;4;0;3;338;330;58;1
3;14;4;2;2;56;2;42;2;351;51;0,7550083274902947;47;5;1;64;272;15;23;2007;1247;1768;2;29;676;3;1;14;5;10;1;237;189;22;0
5;20;1;2;22;75;1;0;8;49;66;0,7068239835094384;204;98;0;367;20;15;2;2738;114;1453;29;7;359;2;4;37;3;8;11;165;434;15;0
6;0;2;1;27;71;5;37;3;87;38;0,8321176043003156;199;95;0;396;16;32;9;1265;1445;1245;23;1;291;6;3;24;9;5;3;95;54;21;0
6;11;2;2;0;27;2;9;2;119;36;0,3389263916481743;214;10;1;355;282;19;35;1339;443;1642;27;7;643;5;4;31;7;4;11;122;294;35;0
0;4;3;2;12;97;2;60;9;527;95;0,1305585415812531;149;4;1;72;148;34;9;3355;680;1880;24;18;517;10;2;4;2;3;12;80;123;56;1
4;21;5;0;17;63;2;4;8;419;47;0,7628281962317016;96;37;0;28;262;29;31;3420;761;663;19;31;544;8;1;8;2;0;13;269;113;61;1
0;7;4;4;18;78;2;47;5;46;44;0,3367020999540293;91;147;0;381;237;27;22;277;1617;1718;31;16;797;10;3;19;8;10;4;82;424;58;1
5;1;3;2;13;44;5;12;6;433;33;0,3430781354716703;157;12;0;403;218;12;32;584;142;782;18;29;168;3;4;14;0;12;4;334;398;29;0
1;6;5;4;13;121;3;32;7;401;51;0,7926562070062911;51;65;0;235;270;7;26;425;457;1426;3;19;360;5;3;30;1;8;4;64;264;53;1
5;21;4;0;29;83;6;10;8;53;30;0,3787343301891355;38;67;1;182;154;0;35;2527;562;956;27;19;473;6;1;12;7;4;5;208;15;7;0
3;15;1;4;4;5;6;6;8;418;20;0,1767853249481687;211;31;0;358;7;15;9;3458;314;2206;4;26;564;3;4;21;1;4;12;192;424;40;0
6;13;2;1;20;33;6;57;4;521;103;0,1553768471752086;32;65;1;380;41;6;17;2871;1147;1888;3;15;90;4;4;6;8;10;0;101;189;0;0
0;22;0;4;12;45;2;23;6;257;108;0,5665318059777327;120;31;0;373;62;5;31;3378;1298;212;35;10;111;8;3;12;6;7;4;357;376;57;1
5;1;0;2;2;88;2;1;6;209;109;0,3066085188039388;169;12;0;278;236;26;8;4275;878;522;2;4;620;3;2;10;10;6;10;125;79;62;1
3;2;1;2;17;14;3;32;9;158;97;0,3295176492368126;135;40;0;259;36;25;6;267;360;793;30;18;796;7;3;27;7;5;0;347;75;31;0
6;4;4;2;25;50;5;42;2;264;55;0,4432002351062683;172;42;0;53;171;4;9;3205;761;772;21;8;399;5;0;10;5;12;2;240;435;23;0
4;7;4;2;12;121;3;60;1;577;47;0,3845213394577984;112;146;0;206;131;24;13;2941;733;1544;30;1;364;11;3;36;0;4;6;133;272;59;1
5;14;6;0;19;105;2;33;4;255;73;0,2309735256496546;186;68;1;358;104;31;24;2720;1396;2464;36;12;573;7;2;3;7;11;10;173;160;44;0
6;8;3;3;27;117;0;45;4;17;75;0,2391552801545758;18;48;0;124;68;23;29;2877;333;1352;33;23;785;4;2;33;6;5;9;210;93;19;0
5;7;6;4;16;67;0;2;5;555;83;0,2278901794669157;18;37;0;255;283;1;33;2303;292;1495;34;32;763;4;0;18;11;10;5;356;35;14;0
2;2;2;2;17;109;1;29;6;17;55;0,0859047081098692;183;32;0;151;138;0;5;2022;938;573;24;12;53;2;1;20;1;2;1;313;44;22;0
1;9;0;1;4;43;3;40;9;568;88;0,0558215923011894;98;32;1;127;307;33;19;1468;60;1204;20;13;92;6;1;21;10;8;12;340;291;28;0
3;2;4;4;0;36;1;35;1;409;100;0,6100986641148534;214;40;1;193;225;36;2;4013;1906;2308;33;22;37;9;2;10;0;0;5;64;407;30;0
1;10;0;4;25;114;3;53;3;221;28;0,6832211356906707;57;106;0;319;229;21;30;3160;1681;765;3;9;99;1;4;0;4;6;13;135;375;58;1
3;3;4;3;11;30;0;25;9;210;44;0,0639667607328592;115;105;1;386;223;17;30;1541;1661;898;32;0;291;10;0;16;5;7;3;290;122;0;0
6;0;6;4;1;34;2;16;6;205;113;0,4622843632451427;53;15;1;222;276;15;19;1613;278;1876;7;6;324;3;1;28;4;9;3;53;363;24;0
3;1;4;3;9;19;6;1;3;555;116;0,4220600551378459;75;117;0;75;230;17;24;3753;1777;1709;5;21;510;8;4;24;7;1;12;97;406;3;0
4;16;2;0;27;79;0;59;3;44;76;0,3918232267263409;10;148;1;216;276;36;5;2712;511;2397;21;18;551;10;0;32;7;10;13;327;333;2;0
4;8;3;3;14;5;1;58;7;176;102;0,1699578611826675;19;183;0;332;244;14;37;1583;1105;770;2;16;719;5;1;6;8;6;9;104;410;3;0
3;4;6;0;17;9;6;21;9;106;45;0,6346457681307985;22;66;0;65;243;22;9;4295;1703;915;27;27;640;0;0;6;3;6;3;91;216;4;0
0;7;1;0;10;74;6;18;9;577;12;0,0543389935049306;187;70;1;76;238;37;24;3587;263;674;0;24;162;5;0;11;2;7;10;45;189;2;0
3;18;5;1;0;47;2;45;9;581;53;0,1729445266907468;11;196;0;190;138;2;33;2859;474;102;34;0;447;8;3;35;5;2;9;119;280;11;0
1;21;6;0;15;104;6;1;8;534;118;0,4595416754271054;203;186;0;182;43;26;37;2465;409;1123;17;33;235;10;4;4;1;13;2;239;32;48;0
1;4;6;1;6;16;4;22;9;459;52;0,638223095270249;126;60;0;291;211;8;1;597;1066;2112;23;24;377;3;2;8;7;2;0;120;139;53;1
1;14;1;3;0;5;0;27;2;387;73;0,696179443326328;131;194;0;374;112;31;10;4206;1531;141;5;11;744;10;3;16;7;5;5;204;292;52;1
6;22;0;3;30;115;5;2;4;570;82;0,6147951704013287;77;75;1;312;202;1;21;3716;1282;182;0;14;719;10;0;1;7;3;8;126;243;31;0
6;10;0;4;12;100;2;19;4;570;42;0,2022029773804336;57;56;0;288;230;18;11;808;1313;931;16;18;667;1;1;25;8;11;7;343;115;8;0
5;13;4;0;16;28;6;57;5;199;11;0,758546592813171;118;158;0;396;287;36;28;3022;1443;2014;31;24;522;11;3;16;8;3;9;137;188;31;0
4;10;6;1;14;124;2;54;8;432;82;0,3698904564710807;84;8;0;91;155;28;8;2393;1434;1739;16;8;569;2;0;29;8;2;12;326;147;14;0
0;6;5;4;5;17;6;38;2;529;65;0,002382134678357;91;122;0;83;24;6;18;1345;285;1583;24;11;803;8;3;10;0;1;4;172;333;1;0
4;18;1;4;7;121;6;33;7;358;72;0,4596638185962411;166;105;1;392;106;30;19;3138;216;1701;0;20;363;4;1;0;1;6;7;20;96;50;1
6;22;6;3;26;101;5;2;5;193;112;0,1450829475043875;11;141;1;135;21;9;19;3771;1722;192;8;18;652;8;0;28;7;2;10;45;187;5;0
0;0;2;2;31;41;4;56;2;462;91;0,3119609136992088;86;168;1;222;107;17;16;3724;1862;600;34;33;563;2;3;4;4;8;13;332;364;5;0
4;14;4;3;12;101;2;57;4;342;29;0,561695182794876;12;78;1;206;274;36;28;265;1230;489;32;22;697;9;4;25;0;4;3;186;371;47;0
3;4;2;2;6;40;0;59;8;179;101;0,5253884831778247;173;171;0;228;53;3;9;165;569;676;27;24;113;9;1;22;5;13;0;203;267;16;0
5;13;3;4;25;84;0;53;9;252;0;0,007195853048061;73;174;0;305;41;16;19;3870;1462;1447;18;16;343;1;0;8;8;11;11;36;15;10;0
5;18;3;4;28;13;0;16;9;582;84;0,3897328769484482;169;102;1;255;238;2;4;584;176;2187;32;3;485;3;2;7;0;9;9;324;80;34;0
5;7;1;4;29;93;1;29;8;504;99;0,0385306072003427;187;25;0;314;187;23;23;3302;1083;934;7;1;706;6;2;7;8;0;11;114;295;32;0
2;8;6;4;20;77;0;3;7;39;100;0,4580679386812741;181;8;1;23;21;28;15;2556;529;2052;19;26;201;4;1;36;10;1;13;197;209;33;0
4;11;2;3;30;111;4;9;3;347;115;0,8134831281288083;187;174;0;407;75;28;19;279;761;1671;32;26;110;1;0;6;6;3;4;129;89;46;0
1;15;3;3;15;45;3;27;8;471;5;0,2612215902175185;97;5;1;226;123;18;20;1693;875;2365;31;23;682;7;4;28;6;5;8;300;106;68;1
2;5;6;2;18;41;5;14;8;483;78;0,5919577543945114;83;177;1;210;193;7;36;363;375;1413;2;20;377;11;3;32;9;10;11;64;47;2;0
5;4;2;1;9;122;4;3;1;512;68;0,5097408007262663;171;181;1;205;28;6;25;293;1888;2127;2;22;75;4;1;10;4;7;1;334;136;5;0
1;16;0;0;0;34;4;0;9;255;51;0,1722678200124742;205;170;0;190;19;18;36;4440;239;236;35;32;483;6;2;4;7;10;13;111;278;21;0
6;10;2;0;9;103;1;39;8;329;43;0,6731943230564905;151;125;0;281;296;6;28;2252;205;152;24;14;673;4;2;7;2;12;3;49;39;51;1
1;13;0;3;26;5;5;25;8;254;4;0,7711817114474776;193;32;0;120;203;37;30;4026;1607;581;21;4;551;4;2;10;3;12;13;105;325;20;0
0;9;2;1;10;110;5;2;9;211;35;0,7362639090444677;12;14;0;373;94;36;21;3571;1028;2153;17;19;522;9;4;3;4;7;8;201;371;24;0
4;5;5;1;12;58;0;55;7;495;52;0,0987999021506246;90;128;1;118;294;10;14;1302;411;191;23;24;723;11;2;2;0;4;11;349;415;29;0
4;10;2;4;9;91;4;58;5;202;49;0,020884155114428;29;143;0;378;56;2;19;2780;1587;599;26;32;449;0;2;28;10;5;11;342;362;45;0
1;17;1;2;9;125;1;15;7;64;21;0,4554382233000981;52;33;0;60;270;7;11;2767;1137;1611;24;33;502;0;4;1;4;3;13;12;57;66;1
0;6;5;1;4;100;4;25;9;209;22;0,1792567566213614;198;6;0;40;90;13;2;327;1180;1468;29;13;521;8;4;0;6;13;8;109;242;17;0
5;18;4;0;24;7;3;33;4;349;43;0,2334831833270313;195;169;0;189;86;0;34;3897;140;1180;14;31;508;8;0;29;0;11;2;11;431;65;1
5;22;6;0;23;57;4;57;6;412;80;0,0958085156740691;160;157;1;21;35;30;12;845;1169;663;13;8;733;5;4;30;0;9;7;161;355;15;0
1;21;3;4;24;94;3;20;6;277;4;0,4256336641720774;170;71;0;104;128;35;2;4393;1568;1165;5;18;639;9;0;27;10;5;2;71;276;14;0
5;1;0;2;13;38;3;19;4;120;89;0,2242337885248279;22;49;0;233;31;15;29;2557;1052;2139;25;10;633;1;0;24;1;0;8;323;78;47;0
1;22;5;1;16;108;5;3;6;49;95;0,1822779652669895;120;40;0;5;63;16;0;2617;952;635;4;24;285;3;4;25;11;0;2;209;399;42;0
0;0;4;0;30;46;6;36;6;408;94;0,4831145957018031;204;121;1;335;83;11;0;644;63;1589;33;8;217;9;3;25;8;1;10;184;151;31;0
0;10;3;4;27;29;5;24;1;47;59;0,5897645520739864;117;142;1;103;40;35;18;854;1602;2036;8;22;67;11;0;33;0;0;4;54;126;12;0
6;6;4;4;3;99;3;58;5;51;35;0,6763904072337265;197;105;0;298;166;13;22;3456;430;2432;32;14;555;1;2;6;11;5;7;92;66;13;0
1;14;2;1;29;75;3;15;5;371;45;0,3977152870797678;124;24;1;320;150;6;27;2103;764;1089;31;1;810;3;1;5;2;0;2;125;158;2;0
3;9;3;0;8;122;5;47;2;230;72;0,483226350002334;130;112;1;241;90;19;21;4254;1376;1440;26;33;159;8;3;13;11;0;9;261;439;43;0
6;11;6;3;17;5;5;22;3;398;13;0,0125843026641201;16;195;1;55;114;32;26;2096;1017;1881;4;21;427;2;3;11;6;12;9;75;286;41;0
2;3;6;4;0;107;1;7;2;307;37;0,5876313117243045;69;123;1;370;209;23;12;4377;1195;1631;34;7;748;4;0;22;7;3;1;177;202;19;0
5;0;0;0;25;124;1;56;8;551;14;0,3657745423976519;13;73;1;78;224;25;11;975;1354;2205;28;26;420;3;4;26;7;2;11;45;279;13;0
1;0;5;3;26;18;5;40;2;516;67;0,8112276354132802;14;97;1;163;216;32;7;648;1137;1113;13;14;711;10;1;16;1;7;8;166;154;12;0
1;6;0;1;9;24;6;6;3;380;115;0,4796330119703195;60;15;0;129;21;11;1;3163;610;2403;24;18;759;1;1;26;7;7;4;207;372;24;0
6;0;0;4;18;121;5;36;6;587;27;0,2546135072205372;55;150;1;16;191;13;19;1149;1521;714;20;25;631;2;4;18;11;10;13;256;309;1;0
0;15;2;0;4;93;2;1;9;491;5;0,0833012228236232;104;44;1;208;136;36;29;3408;402;1767;27;17;812;4;2;3;5;1;6;48;329;16;0
6;11;3;3;17;125;3;36;1;425;118;0,2336361170991296;49;33;1;210;106;24;3;3156;305;1317;6;27;371;10;3;20;1;4;12;268;198;26;0
2;11;0;3;26;84;4;4;4;228;0;0,4765185137445396;172;121;0;332;229;29;24;3552;916;289;1;30;341;3;2;11;1;13;0;8;311;21;0
2;21;6;1;5;60;0;55;1;42;99;0,3310047619288351;55;43;0;202;21;2;30;687;1803;1736;27;1;80;1;4;36;5;0;8;362;231;30;0
5;10;0;1;17;114;2;19;2;327;92;0,5085818837745206;163;93;1;122;183;11;7;1019;1303;366;8;33;95;8;3;9;10;4;9;137;375;36;0
4;9;3;4;12;48;2;36;7;37;27;0,0663437026706345;216;19;1;296;260;7;31;2172;614;261;16;10;739;0;0;13;2;9;1;151;23;34;0
5;22;0;0;17;87;2;42;6;82;44;0,8074342383889622;117;120;1;181;113;18;22;3862;1642;237;2;4;220;9;4;9;9;7;8;331;402;48;0
3;0;3;0;14;52;5;58;6;374;67;0,7002610605160399;120;192;1;395;251;29;37;938;139;1488;18;21;721;0;0;34;8;5;7;312;285;29;0
0;7;4;3;23;93;1;56;7;549;20;0,0754018829556455;96;175;0;97;245;9;7;2429;1791;1299;31;27;178;10;3;17;8;7;5;143;143;23;0
5;8;0;2;20;103;2;57;2;512;41;0,5628519208837404;102;132;1;78;141;10;31;3968;799;323;30;19;497;5;4;1;4;10;10;295;155;53;1
0;14;0;1;13;75;0;25;9;427;63;0,3966236250320962;25;178;0;305;89;19;37;2763;1699;1350;32;25;576;11;4;14;8;1;1;208;238;45;0
3;7;0;2;19;21;6;33;1;67;79;0,3247667618614767;110;183;1;18;82;15;24;2384;964;638;21;30;391;11;2;25;2;7;11;192;301;53;1
1;21;1;0;17;90;0;14;8;440;72;0,7489114308389215;151;131;1;190;81;20;35;4092;1369;1303;27;18;674;11;3;22;11;0;5;88;216;22;0
1;0;2;1;31;119;3;37;6;425;20;0,3475191152216284;118;196;0;168;157;18;10;2864;678;682;26;21;364;9;4;2;11;6;0;215;47;62;1
5;10;5;0;24;34;1;4;2;130;72;0,0291914550950486;93;34;1;67;301;20;1;2737;767;318;11;13;723;8;3;30;5;2;9;19;292;26;0
1;10;5;3;25;41;0;21;3;421;21;0,6771836263384029;108;61;0;308;234;17;25;2140;1001;946;36;16;465;9;2;24;10;10;0;252;132;43;0
4;13;1;3;1;87;5;28;7;400;110;0,1406796129429375;192;116;0;306;185;5;28;2555;1085;1174;31;26;435;7;2;13;2;12;9;280;202;43;0
3;21;1;0;26;110;6;15;7;60;44;0,4661490371472721;102;136;0;268;34;28;10;3876;1814;1439;3;16;329;0;2;9;10;12;3;117;164;0;0
1;0;3;0;30;84;5;49;3;39;13;0,5504272737219424;176;25;1;115;2;31;30;949;1596;590;19;11;350;1;2;37;11;9;0;257;209;30;0
1;21;6;2;12;83;1;46;4;343;95;0,4879034406732883;22;74;1;332;96;21;18;3845;437;268;32;27;652;11;1;2;9;6;13;214;223;27;0
3;0;0;4;17;114;3;35;8;259;17;0,7181935299611087;74;175;1;148;175;19;35;2556;77;1785;24;15;405;1;4;37;10;10;11;325;437;16;0
6;11;0;2;12;47;1;57;8;509;85;0,5180216256420176;82;11;0;157;244;6;5;4210;80;267;15;5;804;1;1;32;2;5;7;280;420;1;0
2;8;6;3;3;90;2;41;9;115;40;0,5116370359575811;32;6;0;300;284;26;13;4433;1842;2163;33;5;555;2;0;20;1;5;11;144;91;16;0
5;12;1;4;9;81;0;16;1;292;106;0,1381859387832248;107;15;1;140;74;3;4;3740;766;2210;36;12;397;2;4;28;10;5;5;293;32;12;0
1;16;0;1;27;35;1;45;2;450;24;0,0958725867503774;95;181;0;38;145;33;12;3568;1141;1273;13;3;102;8;1;3;5;1;11;138;306;67;1
1;1;1;2;6;101;0;53;7;75;59;0,1843146888511713;111;108;0;22;70;3;37;3601;471;2031;12;8;242;1;4;16;6;13;3;289;84;14;0
4;6;1;1;21;46;0;55;2;116;76;0,7463041816316414;22;95;1;145;93;37;28;328;131;1008;30;32;662;11;1;9;8;11;4;351;279;9;0
1;22;1;0;25;18;3;40;6;107;111;0,3226738515269889;209;121;1;12;283;21;28;2850;449;240;23;18;536;10;2;25;1;8;8;211;206;28;0
3;20;3;3;23;61;4;5;9;579;105;0,0793197273979752;30;116;1;310;143;13;1;3550;1209;394;10;11;419;7;2;2;5;11;8;278;407;2;0
6;7;3;1;25;22;3;46;3;47;95;0,7475639419709222;170;18;1;102;283;26;27;3343;1331;1748;32;25;592;6;1;28;7;3;0;278;69;51;1
1;1;3;4;3;74;5;55;2;467;2;0,0552487157156384;108;48;1;264;306;1;22;1479;1145;1289;35;8;454;2;0;6;11;3;12;162;225;17;0
3;13;1;0;19;118;6;16;8;397;108;0,6530945787307895;160;175;1;295;75;1;7;886;389;1341;20;32;812;11;3;15;9;5;12;292;323;41;0
4;18;6;0;22;38;5;36;2;202;14;0,3390159079024791;34;112;0;310;158;2;21;3256;67;1749;19;2;683;3;3;12;0;0;0;80;133;9;0
4;15;0;3;22;76;1;59;5;566;39;0,4198082320033273;90;11;1;63;122;12;3;974;908;611;34;32;315;5;4;2;9;11;8;58;263;51;1
2;8;0;2;12;39;1;3;5;319;77;0,7510809823227554;127;164;0;288;125;5;25;4041;1440;1068;28;12;629;10;3;16;7;0;0;291;332;37;0
3;5;0;4;13;39;2;19;7;241;119;0,6896829081026521;121;83;0;282;158;5;13;858;782;464;13;28;525;2;1;8;10;2;12;192;111;62;1
6;4;4;0;17;115;4;20;7;557;57;0,3757526443695593;82;51;1;161;232;16;1;4305;199;383;10;10;812;10;2;6;2;6;2;12;188;6;0
4;13;4;1;0;14;3;56;3;405;113;0,3999362957066142;128;10;1;323;268;14;9;2801;992;1993;32;13;258;2;3;36;4;13;0;220;139;26;0
2;12;1;3;19;77;3;44;5;126;17;0,3358364015118952;218;77;0;126;171;11;15;385;1642;2036;31;17;695;7;1;24;6;12;5;168;318;42;0
4;11;3;2;29;21;5;43;5;89;12;0,6601545722631793;8;180;0;172;44;18;3;3737;1745;1000;29;28;621;8;4;25;7;7;3;245;200;68;1
2;9;6;2;21;120;2;15;5;68;111;0,2411411704225137;111;24;1;268;29;20;3;2427;977;2326;14;14;577;7;1;16;4;0;0;211;344;43;0
6;21;3;4;14;113;1;16;8;581;90;0,2382167178651925;8;125;1;47;89;12;0;1181;521;577;36;0;758;9;0;24;2;9;0;11;109;32;0
5;3;2;2;17;85;4;8;5;163;44;0,1421713757033219;76;123;1;158;173;26;34;3473;905;1298;20;28;478;1;0;30;0;5;6;280;61;60;1
4;0;0;2;0;110;5;18;8;601;47;0,4403145312965598;208;84;1;354;120;3;21;4094;1530;940;3;12;270;9;1;15;8;6;8;26;218;45;0
0;11;2;2;13;10;2;13;4;455;42;0,0273838536120325;139;39;0;40;307;7;34;4225;33;1856;0;27;577;4;3;12;2;3;5;336;46;50;1
5;3;6;1;31;100;5;30;5;429;5;0,3553337490383001;207;6;0;16;239;2;20;3144;132;1199;33;12;293;0;4;25;11;9;5;34;408;32;0
3;19;3;1;4;98;0;11;3;338;9;0,177287017291129;116;67;1;126;150;8;21;1403;238;735;10;9;791;7;1;28;10;2;5;297;290;27;0
4;16;6;4;31;53;1;50;1;225;60;0,1673254461511922;206;20;0;193;236;0;6;1580;521;2406;12;24;562;6;0;23;0;4;6;18;20;42;0
6;2;3;2;12;116;4;24;5;401;11;0,5513643217124238;193;167;0;263;168;4;5;1660;277;2108;6;17;243;9;0;33;8;6;8;135;319;49;1
0;14;3;4;30;51;2;9;5;517;56;0,2615206273002325;109;167;1;117;268;34;25;1393;884;2499;15;31;568;3;4;27;9;7;4;202;108;19;0
6;19;6;2;16;124;4;56;2;80;45;0,6749527239145764;43;6;0;230;46;14;18;4032;1397;2284;16;16;712;6;0;16;5;1;8;208;67;57;1
6;6;4;1;19;13;2;49;5;582;43;0,1066253283429557;63;83;0;95;228;29;3;3629;1233;453;3;3;135;8;1;3;1;11;2;163;101;52;1
4;14;6;2;12;53;1;0;5;227;32;0,0969915009129867;38;153;1;295;177;33;23;4015;488;1029;23;12;221;4;1;28;3;2;5;197;327;58;1
4;22;6;0;15;56;3;7;2;183;82;0,1126831212390045;94;175;1;295;47;17;22;884;1140;2531;21;14;27;8;3;22;2;6;6;306;247;11;0
6;13;5;1;22;67;4;57;6;205;14;0,3293321620503719;140;160;1;224;235;28;32;686;1788;2091;35;15;35;10;0;0;3;3;6;337;272;18;0
3;0;1;4;20;25;5;3;7;49;49;0,1744067811450871;30;33;0;372;143;6;33;3330;1240;158;27;26;403;9;1;19;2;0;6;42;225;52;1
2;18;4;0;18;39;2;22;4;166;26;0,2454838728935212;76;120;0;66;0;36;23;1845;1012;327;30;25;434;2;1;32;11;11;2;250;72;61;1
3;19;6;2;5;23;4;55;6;503;35;0,0653059549409624;103;157;0;191;259;5;25;4396;792;1766;23;16;55;3;0;18;11;12;2;251;233;63;1
4;15;4;3;21;40;6;1;2;408;100;0,6677044816985969;25;32;0;343;181;6;14;2512;312;2116;12;22;536;9;2;23;3;5;6;150;235;35;0
6;7;4;1;27;52;0;55;1;233;2;0,0891442847145592;206;10;0;168;16;11;36;3777;690;2282;23;27;67;4;1;3;10;9;8;183;278;44;0
1;20;2;3;3;66;6;3;6;17;81;0,2211311698883157;63;103;0;251;36;15;14;948;83;926;30;0;752;6;1;0;3;1;6;201;299;37;0
2;12;2;0;5;28;6;3;2;378;93;0,3723622986930608;196;60;1;239;261;5;34;1833;1698;1548;18;11;294;11;0;20;6;5;13;184;213;4;0
2;9;2;0;23;112;0;54;6;162;51;0,0131582133228827;10;92;0;324;175;34;26;2940;26;1296;3;29;164;10;1;7;10;13;0;203;342;22;0
1;6;1;4;30;15;2;1;3;422;2;0,2959246706863596;128;129;1;312;1;35;14;1260;1785;2450;19;19;622;2;4;2;7;2;7;117;13;4;0
1;9;4;3;19;44;5;37;6;489;67;0,3715926027345855;155;154;1;406;85;34;6;3071;877;1753;14;20;586;0;4;27;9;11;3;308;441;61;1
2;22;0;1;2;122;2;4;4;289;67;0,7701964380390814;104;65;1;396;199;36;24;884;831;239;27;13;523;3;3;0;5;7;1;51;258;68;1
1;6;0;0;27;106;1;4;9;380;107;0,4759592781552427;135;185;1;167;212;5;1;4362;1576;43;5;27;591;9;3;2;7;11;3;295;404;24;0
1;15;6;4;9;66;3;33;3;227;100;0,4376324886472746;83;96;1;254;39;3;23;4079;1318;677;34;13;628;9;2;16;9;13;5;208;383;51;1
0;7;0;1;3;8;1;5;9;483;62;0,2540251196800148;19;81;0;406;125;14;14;2553;976;401;3;10;402;4;0;10;5;0;4;165;150;15;0
2;15;5;3;10;97;5;19;7;368;46;0,3333540271973575;37;104;1;65;233;16;11;2645;1919;1829;6;4;66;2;3;4;9;2;0;230;165;25;0
2;12;0;4;22;78;1;9;9;445;117;0,0080678072384012;90;147;0;157;95;4;20;2506;464;1299;13;32;527;11;3;11;10;7;6;250;232;4;0
5;22;6;1;30;45;4;4;4;554;56;0,499332177140522;202;149;0;344;210;0;25;521;1104;1167;5;12;230;0;1;27;4;11;13;65;25;5;0
4;13;5;0;5;21;1;20;9;308;103;0,6036586432182983;105;109;1;313;131;35;7;3039;1676;91;33;8;554;0;3;3;1;1;4;170;31;2;0
4;3;3;3;7;68;0;40;3;345;70;0,7390086388191922;181;143;0;326;291;12;8;2533;248;2400;29;5;551;6;2;7;8;1;11;62;175;37;0
0;11;0;4;26;72;3;58;6;437;114;0,7961732990576637;60;95;0;33;76;28;25;2796;852;1781;10;18;538;0;1;19;10;12;2;204;18;48;0
2;3;0;2;12;76;5;1;9;351;44;0,7436269406979014;209;178;1;122;68;18;7;2677;1734;2075;27;1;759;11;0;18;7;11;12;336;269;31;0
0;14;5;1;23;47;2;48;6;106;110;0,1298366962596055;154;77;1;316;232;34;19;3366;194;2103;5;25;526;6;2;22;5;11;8;181;26;45;0
3;15;6;1;18;21;1;30;8;428;114;0,4705731688823695;53;4;0;10;165;9;30;1959;1013;1819;33;25;244;4;2;18;11;13;8;10;273;2;0
6;19;6;3;5;117;6;3;4;158;42;0,5734926838406739;209;69;1;266;152;34;25;2492;257;536;21;16;390;2;2;20;10;0;3;283;345;23;0
3;18;5;4;25;63;2;12;7;200;80;0,1895742169641932;10;77;0;383;164;33;2;4415;346;1487;17;11;237;6;2;10;0;7;2;146;277;0;0
1;19;2;1;14;49;5;8;1;260;23;0,7611057262364807;73;89;1;265;171;19;24;3657;1432;677;22;0;588;6;1;1;8;6;6;38;220;31;0
6;0;0;1;6;67;6;3;8;600;32;0,6999507277828829;107;20;1;381;172;9;0;1863;1204;2525;35;5;664;0;2;15;6;7;11;43;100;65;1
3;2;4;3;10;101;2;57;2;29;52;0,4875106909530186;173;138;1;365;252;35;32;985;1349;2146;14;5;123;2;0;9;11;4;7;44;229;22;0
3;17;3;3;5;98;1;32;6;334;67;0,1679284526360759;104;175;1;407;256;11;20;4025;371;2359;5;13;341;7;1;7;9;11;9;160;31;68;1
0;16;1;0;2;17;5;46;4;143;97;0,6549020166066751;86;57;1;186;248;8;9;2163;549;1715;0;17;151;11;0;3;3;0;2;102;130;2;0
3;2;6;4;22;20;6;5;6;427;117;0,5827668037871204;108;194;0;142;53;29;8;1184;365;2534;24;6;766;9;3;17;1;4;5;244;232;52;1
6;22;5;4;27;36;0;5;4;193;104;0,5137715866680257;9;182;0;359;229;17;20;3338;248;298;17;15;742;0;2;16;0;6;4;86;98;44;0
4;10;4;2;30;123;0;43;6;566;112;0,4192153229804022;89;105;1;174;201;12;7;1947;1207;2112;35;17;439;9;0;17;6;12;7;210;288;35;0
4;8;3;4;25;123;0;56;3;123;28;0,2672862674636408;79;62;1;49;101;27;18;2821;1739;1673;23;28;338;11;2;30;7;9;3;330;63;0;0
2;21;2;1;26;74;6;49;7;102;51;0,3563365450512354;91;71;0;234;47;13;18;3680;1131;408;20;17;603;3;2;32;4;9;9;118;308;2;0
0;13;2;2;6;121;1;30;8;386;62;0,0207828091441274;58;147;1;97;192;21;31;2388;68;143;2;22;584;5;0;29;5;12;4;261;290;51;1
0;5;6;4;8;95;3;38;4;253;4;0,5158167107096423;29;190;1;406;226;1;24;881;914;901;9;27;437;8;1;26;2;3;10;93;143;40;0
2;21;1;1;30;55;2;12;5;529;31;0,6806955702148082;91;78;0;145;110;32;25;3327;834;2084;22;0;386;8;0;9;2;5;1;90;123;52;1
5;4;2;4;20;71;6;29;2;522;12;0,7696427726163997;105;23;0;85;129;18;2;1870;292;1550;4;8;90;3;3;23;10;0;1;42;429;61;1
0;9;5;2;25;76;0;37;8;200;50;0,637828934026644;126;82;1;103;173;37;4;1300;736;1697;13;18;561;0;0;1;7;4;4;119;82;55;1
3;13;4;2;8;113;6;9;6;402;8;0,3619899703448481;71;185;1;358;180;31;23;2666;1709;2014;6;7;309;9;1;3;7;12;12;278;296;19;0
6;17;0;2;7;61;2;50;2;131;39;0,5123839698451007;69;166;1;297;245;9;23;1976;1900;1934;6;4;582;0;0;27;1;12;5;9;321;9;0
1;14;1;3;29;35;4;53;4;508;110;0,7969959647871196;206;40;0;42;141;15;30;4157;1591;867;14;2;622;1;4;4;6;0;1;351;381;28;0
1;18;6;0;29;92;0;27;5;542;11;0,1541652666947926;173;177;0;391;4;15;5;3223;1102;740;14;8;236;7;3;21;0;8;10;245;237;59;1
6;10;5;0;30;82;0;59;8;483;43;0,2122780049025653;52;135;0;379;30;11;5;3115;634;281;10;20;68;6;4;5;4;6;8;140;14;13;0
2;16;1;3;15;40;6;44;2;223;28;0,452456921634932;11;195;1;355;299;21;36;1112;945;978;9;5;812;1;0;5;5;10;6;78;138;42;0
4;5;0;0;2;36;5;58;7;339;44;0,2742591662290347;102;104;1;397;294;34;22;1602;1231;2529;11;25;259;1;1;6;5;13;1;229;36;4;0
3;14;6;3;9;96;6;49;6;513;22;0,3279903724467383;28;85;1;236;174;5;6;2161;358;1697;22;6;326;6;2;24;2;13;7;118;321;39;0
6;20;2;2;31;51;5;50;2;161;91;0,4167920739925513;128;31;1;344;286;14;22;1993;1327;159;4;14;76;6;4;28;10;10;1;114;237;34;0
4;15;5;4;29;87;1;42;1;297;39;0,6946021459310827;175;97;0;256;44;35;21;989;1269;90;32;25;766;1;2;23;10;13;8;161;74;37;0
3;8;2;3;18;41;1;12;5;315;19;0,7602089217089174;75;42;1;226;227;33;31;1890;1269;2291;18;15;477;7;0;20;8;6;5;25;81;32;0
6;5;3;4;30;96;6;53;8;156;98;0,6173183906179465;117;102;0;318;285;14;22;3813;1003;1252;4;18;690;2;4;7;8;6;10;100;278;64;1
2;22;3;3;6;98;1;0;7;516;21;0,6421947664663991;169;24;0;371;135;36;3;3594;463;2435;10;18;714;3;0;5;11;1;2;263;430;36;0
4;8;4;1;14;23;6;7;8;604;103;0,1708286719189848;23;25;0;21;230;16;2;3956;1059;2086;26;5;463;2;2;5;3;6;9;353;76;19;0
6;1;2;1;29;13;3;18;2;142;12;0,1837629560280894;144;17;1;400;176;2;31;2499;825;1910;36;18;620;0;1;21;5;10;7;206;252;27;0
0;7;3;3;0;13;1;19;8;80;117;0,7436564196638272;68;43;1;96;165;15;12;3062;1596;1440;24;2;197;9;1;18;5;3;12;130;263;47;0
2;15;3;1;31;85;2;44;8;443;36;0,7966479383316081;126;119;0;216;129;22;20;2800;1527;1115;0;14;581;8;1;33;0;1;12;53;84;2;0
4;18;5;1;2;107;3;43;2;305;100;0,7510153006942176;150;182;0;303;221;18;27;1930;537;238;9;1;626;3;1;33;1;9;7;249;183;60;1
3;2;0;0;25;85;0;3;3;349;13;0,3519362214394428;195;51;1;120;78;23;11;4433;881;1281;30;2;302;2;3;6;10;11;12;56;70;47;0
2;19;0;0;28;23;1;13;1;446;43;0,3767130767981783;53;143;1;352;263;24;35;3108;49;516;21;3;58;5;2;26;8;7;11;353;380;37;0
4;14;1;2;27;20;6;6;6;447;45;0,737416543145058;81;84;1;303;45;27;32;3095;1288;1968;35;32;656;0;0;32;8;11;1;72;175;27;0
5;3;4;0;27;85;2;36;5;147;78;0,2564934793191097;68;193;0;383;236;5;1;3083;164;878;1;14;570;1;2;18;6;5;10;211;94;8;0
5;17;4;3;22;79;5;58;6;221;97;0,5162231991840127;142;13;1;219;89;15;11;4098;736;1905;12;18;166;3;0;26;0;0;4;350;116;2;0
2;20;4;3;17;32;6;49;1;162;46;0,7163808894683111;130;185;0;379;93;4;23;3054;1723;1222;9;19;539;1;2;4;10;2;3;72;414;24;0
6;11;6;1;3;59;4;16;6;141;4;0,4820466001425558;121;55;1;27;3;4;7;4143;652;517;6;23;27;8;3;25;1;13;8;104;122;36;0
5;15;1;0;21;71;6;58;6;524;64;0,6304246657221372;81;56;0;140;197;20;9;924;1514;2487;11;15;742;1;0;21;10;10;8;311;198;46;0
4;0;0;4;8;82;3;48;3;260;5;0,5338012952864449;79;172;1;359;41;26;28;2845;1624;317;12;6;279;2;2;36;6;0;5;363;252;17;0
3;13;1;4;12;58;4;52;1;543;108;0,410109549996341;75;99;1;23;120;2;30;3196;1650;2356;9;16;62;11;3;31;5;8;2;72;339;19;0
2;16;4;4;19;106;5;23;4;373;37;0,2554097677462965;17;188;0;59;292;6;13;736;1647;1729;1;18;468;0;0;11;10;10;3;326;72;20;0
1;13;4;3;4;91;6;44;6;329;6;0,6753496851283766;140;87;1;14;101;2;6;143;1079;916;16;12;627;9;3;10;8;9;12;66;76;46;0
6;14;5;4;30;77;2;51;7;206;42;0,8322021246892312;54;100;0;179;29;1;29;1907;391;1152;12;30;695;11;0;29;2;11;11;218;92;64;1
3;6;6;0;8;57;1;55;3;339;14;0,2328719628724184;37;111;0;348;249;20;29;2217;463;1564;24;31;696;5;2;12;2;6;3;317;398;23;0
6;12;2;2;23;28;1;59;5;319;49;0,0509014468161257;155;123;0;310;213;11;1;510;1742;2244;23;28;163;0;4;29;8;11;7;94;340;58;1
2;16;6;2;9;51;4;5;9;435;4;0,568181150046593;36;98;0;44;71;35;30;4274;185;945;30;1;299;9;0;5;2;2;13;143;24;47;0
6;4;2;1;9;33;6;55;4;248;29;0,3561822519859015;55;68;1;262;216;31;28;1999;1622;478;17;30;588;2;4;8;11;8;11;242;289;59;1
0;6;5;3;10;115;2;31;1;590;23;0,4204915827447347;81;196;0;153;292;17;35;1165;98;171;34;5;164;9;1;13;7;2;3;195;59;42;0
4;21;3;2;17;23;5;22;2;602;56;0,4440631495104812;53;16;1;159;267;30;5;3209;926;1941;27;25;339;7;2;34;1;0;7;240;40;5;0
5;4;3;2;25;111;4;17;1;591;111;0,2539176934565623;63;82;0;394;207;6;32;3286;333;59;13;10;543;4;3;0;4;11;7;195;11;44;0
0;7;6;1;1;36;5;23;7;443;40;0,067785735881635;141;137;0;14;116;3;28;693;1347;2249;4;5;215;8;2;10;11;7;8;264;130;49;1
1;22;1;2;26;124;6;19;2;339;10;0,1266426284017354;155;112;0;391;161;11;7;1828;1448;391;14;26;240;6;1;26;7;4;1;210;346;49;1
5;15;3;4;31;54;4;45;7;551;23;0,1651649227956616;14;109;1;232;175;26;4;271;1856;2437;24;13;812;5;0;18;8;13;6;266;324;25;0
0;22;5;3;12;120;2;31;3;205;59;0,7566126140027936;149;68;0;288;267;37;35;3635;1549;440;2;6;362;10;4;33;4;4;4;348;226;51;1
2;4;4;0;29;91;0;50;5;287;67;0,8360643427984508;216;13;0;395;221;23;23;422;1454;735;32;16;723;9;1;11;10;4;7;277;99;12;0
6;14;0;3;27;99;2;29;6;324;61;0,362651707304651;65;131;1;407;149;9;31;81;625;548;0;4;664;5;3;19;6;7;6;155;39;25;0
0;9;2;2;23;9;5;25;7;566;78;0,0864753497582498;212;80;0;370;174;5;20;376;376;456;23;25;674;9;4;32;9;10;4;66;316;40;0
5;13;5;1;1;94;3;32;7;187;111;0,7765256122057157;205;121;1;391;54;33;24;3322;1501;482;19;11;784;10;4;18;8;13;9;55;109;59;1
6;17;4;4;25;80;1;29;8;382;85;0,4718690427352588;191;152;0;373;216;30;0;1786;1667;241;30;14;615;0;1;4;4;9;5;225;268;29;0
5;11;1;2;14;114;2;20;8;464;8;0,5902033861000976;9;37;1;367;108;19;1;3604;1112;864;0;4;808;3;4;30;9;11;8;84;66;8;0
4;8;3;4;23;120;6;8;7;94;119;0,5326386202930031;122;44;0;31;16;19;10;2038;451;1856;33;14;104;6;0;6;7;5;1;282;105;57;1
0;17;1;4;12;122;3;23;3;56;66;0,1417853373331989;137;86;0;320;8;37;18;2847;381;2407;35;15;684;11;4;3;1;13;11;70;151;21;0
0;10;2;4;18;66;0;28;1;161;86;0,7573617380083852;43;16;1;242;304;37;36;4127;579;2444;8;24;352;2;3;11;5;13;4;310;111;53;1
0;20;5;4;13;116;5;22;2;473;108;0,5453973111752556;59;10;1;43;291;12;17;1054;1888;205;19;22;444;8;4;30;11;4;12;64;392;32;0
6;15;1;2;31;55;3;49;4;155;7;0,1798742219858374;108;104;1;140;23;34;32;1405;582;2501;25;14;331;2;2;12;4;1;2;109;426;1;0
6;19;0;2;15;64;4;58;2;168;16;0,8266656228355697;64;22;0;115;76;29;6;1684;426;1789;24;9;171;1;2;3;10;0;8;55;146;47;0
1;8;4;4;6;52;5;5;2;235;41;0,6775271157012427;182;76;0;77;292;4;37;1824;592;1918;6;10;384;11;4;2;0;7;0;62;187;17;0
6;17;0;3;14;87;0;6;5;355;114;0,4019643867878273;48;121;0;328;165;14;4;2383;1059;348;25;14;648;5;0;8;11;0;5;21;435;3;0
0;6;2;4;28;69;4;7;7;502;69;0,7163177785050888;148;13;1;404;230;31;36;2509;1630;1581;0;0;351;11;2;33;0;2;10;168;283;50;1
3;22;6;3;18;19;3;47;1;363;90;0,1829933921369793;28;66;1;38;265;36;36;1536;1584;2518;2;5;735;8;4;21;4;0;8;75;260;29;0
3;12;1;3;21;82;2;26;9;447;75;0,5106898925613585;200;192;0;303;180;32;17;2639;1458;2080;26;17;145;3;1;6;0;5;0;294;284;45;0
2;6;5;2;24;6;3;41;7;104;43;0,3483841625138105;163;170;0;333;62;9;29;940;107;301;24;32;166;10;3;31;1;1;1;89;326;36;0
4;9;2;1;0;94;3;49;5;134;17;0,7651893995502491;137;154;1;57;294;33;0;2551;1086;912;18;6;436;9;3;35;0;9;6;90;132;28;0
3;10;5;1;20;105;2;8;5;304;75;0,0280591465343289;175;167;0;138;160;33;20;580;147;962;0;28;393;10;2;4;4;0;13;56;317;6;0
4;16;3;3;4;49;1;47;5;244;8;0,8240930648511615;193;159;1;373;40;22;20;1836;48;1878;28;4;336;6;0;16;8;3;7;255;172;6;0
1;11;2;0;23;17;4;26;4;451;109;0,0872354373135844;63;199;0;119;162;26;27;4198;1859;646;21;27;429;11;2;15;2;1;11;130;187;39;0
0;11;2;1;16;111;4;56;2;200;32;0,0789191195717808;199;136;1;277;254;18;34;84;1511;2414;1;8;752;10;0;30;2;2;5;239;396;1;0
6;9;4;0;1;123;3;7;4;158;37;0,4364853943598523;22;174;1;226;250;21;2;587;829;1396;32;20;341;1;3;23;7;0;0;224;388;19;0
4;5;6;1;8;41;6;57;4;429;25;0,0529312833759856;18;150;1;187;200;10;34;359;25;1006;11;2;439;6;0;13;1;0;2;328;435;8;0
0;7;1;4;27;30;5;17;6;151;96;0,6833418516799618;218;56;1;194;80;25;9;1250;804;1427;35;16;75;4;3;15;6;4;8;276;350;43;0
2;1;1;4;30;50;6;37;3;161;107;0,102242340209175;192;54;1;174;201;24;14;1805;1463;1829;1;23;731;0;4;21;7;12;6;46;357;61;1
4;3;6;2;4;103;6;20;8;266;101;0,5821137043546011;211;18;1;304;271;31;25;1167;1436;2232;6;18;770;9;1;0;6;11;7;102;341;7;0
5;5;6;2;5;31;1;16;7;47;20;0,1625584989563753;69;170;0;350;197;34;18;4305;1380;1334;21;6;679;10;3;22;9;2;13;194;145;17;0
6;20;6;1;27;67;6;9;9;511;97;0,8184183225597906;90;80;0;73;63;3;2;2356;1319;2302;10;5;561;10;0;27;6;2;10;301;348;42;0
3;19;3;4;18;46;0;22;4;593;82;0,612309635096576;197;172;0;287;55;16;3;2875;974;1698;32;30;603;5;3;9;4;0;6;130;181;3;0
5;2;4;0;14;125;0;24;9;574;52;0,8072905787176741;213;59;1;387;36;24;24;266;383;2420;15;20;571;5;4;18;2;5;5;142;317;55;1
3;13;5;0;29;20;2;33;4;554;9;0,7732212851829833;217;42;0;353;119;31;8;3543;564;714;0;20;238;9;1;12;2;12;11;137;181;68;1
4;8;4;2;22;45;0;3;1;189;36;0,8208247202474999;13;19;1;268;199;21;19;2209;1366;1024;22;7;148;10;3;7;8;1;13;272;65;66;1
3;21;5;2;7;105;0;40;2;146;67;0,7723384749333145;175;158;1;379;135;13;27;3780;1725;1800;19;5;512;10;3;37;5;4;5;24;260;54;1
5;21;2;2;10;61;4;12;7;247;47;0,5547112923200382;29;133;0;181;166;0;26;2611;33;2026;4;29;523;11;0;35;9;12;6;221;82;15;0
2;11;6;1;1;14;1;46;8;570;15;0,4019486338891623;203;120;0;103;70;27;30;4194;230;1738;3;18;352;10;3;19;10;12;13;174;413;60;1
1;10;4;2;29;108;0;9;3;440;103;0,3502882177841117;98;7;1;145;139;29;18;3194;1913;2479;32;29;41;5;0;14;2;6;5;161;427;41;0
4;15;6;0;17;20;5;38;5;305;82;0,3751312930774121;189;112;1;213;301;36;23;3627;1042;1753;28;33;454;6;3;31;0;8;9;100;384;32;0
6;11;1;4;20;124;5;47;4;100;70;0,1163903056106722;91;64;0;357;122;12;10;1908;238;538;30;5;795;2;4;17;9;12;4;232;132;31;0
2;14;0;1;8;94;6;45;2;451;50;0,0846136759485964;127;49;1;163;44;34;24;1385;424;84;1;8;797;7;3;7;6;1;5;326;101;53;1
2;2;0;1;2;32;0;52;5;590;107;0,727859574339992;115;15;0;204;111;6;3;2426;85;1069;15;11;808;0;1;30;4;10;0;187;65;29;0
3;18;2;3;20;91;2;25;2;418;115;0,771264970023531;158;102;0;160;0;27;36;2476;696;1070;13;9;92;11;2;25;7;0;8;25;179;44;0
1;11;1;4;13;76;5;17;5;311;48;0,5710836238152466;18;32;1;245;305;18;9;1288;1138;2182;7;0;763;8;1;6;3;1;12;91;54;41;0
1;17;1;2;28;19;6;11;9;158;53;0,4935409073590455;201;162;0;316;114;9;3;1748;1108;543;19;17;198;9;0;37;0;8;11;233;34;39;0
1;12;0;3;8;38;1;26;6;279;89;0,7183748255778177;147;88;0;218;62;22;32;850;1417;530;3;6;406;10;4;12;2;5;2;310;28;0;0
6;9;6;0;19;87;1;9;6;558;88;0,6082058916941084;65;113;0;174;214;12;10;3404;1644;1526;31;30;751;4;0;11;11;12;12;79;347;30;0
6;20;2;0;28;35;0;32;8;528;107;0,4752468608694315;43;84;0;397;96;0;25;3080;729;1374;36;32;765;11;4;28;4;13;8;186;255;19;0
0;13;1;3;12;21;3;6;7;133;118;0,6830998390099661;73;52;0;269;205;22;2;627;652;1531;35;7;737;0;2;6;9;1;2;15;221;35;0
1;16;2;2;0;122;1;31;5;523;37;0,0928059888065437;153;86;1;104;167;22;25;4197;704;236;1;26;200;11;4;19;10;11;2;239;354;54;1
1;12;4;2;9;41;6;33;9;87;99;0,3294382758097641;31;39;0;127;206;25;27;4030;1340;1732;0;12;70;7;2;2;8;7;4;343;371;32;0
0;4;3;3;0;31;0;38;3;87;30;0,171345719367529;182;52;0;226;48;17;15;1526;341;682;14;15;798;1;4;5;1;5;0;48;420;14;0
0;12;6;1;9;6;3;7;2;438;49;0,5428322021536279;126;110;0;345;171;11;17;3528;105;95;11;10;567;7;4;36;5;6;3;71;268;67;1
3;2;5;4;3;124;1;40;4;574;66;0,6046915356244029;129;77;0;400;196;1;18;304;294;1203;4;16;750;5;4;3;2;4;8;82;25;59;1
0;21;1;0;5;43;3;36;4;535;58;0,5597074967782806;58;38;0;122;86;33;15;1073;1457;1306;35;28;491;8;2;23;1;8;5;174;377;13;0
2;20;0;3;10;64;0;9;6;331;86;0,1015577400812306;41;10;1;84;10;22;5;4195;125;1166;15;27;810;8;2;31;7;0;11;316;268;15;0
4;15;1;0;24;79;4;58;6;225;84;0,5733620787861505;106;143;1;386;135;35;13;1036;149;296;2;24;691;5;1;13;0;10;11;336;143;28;0
2;2;0;2;6;103;4;9;8;67;63;0,4680812690982399;79;179;1;19;129;33;32;493;248;969;9;25;394;1;4;9;5;12;6;142;86;47;0
5;13;0;3;6;13;0;16;7;53;54;0,4066191246915556;180;37;1;256;5;25;15;3994;162;1997;31;24;807;10;1;7;2;8;2;232;226;67;1
5;2;1;3;26;41;0;29;3;183;100;0,7788529208701598;49;8;0;288;191;36;17;1014;963;445;35;7;404;3;1;33;11;12;12;253;419;68;1
2;19;1;1;26;111;5;57;9;110;95;0,129024846494523;18;17;0;16;44;0;19;381;1765;719;25;26;596;0;2;18;1;13;5;246;360;39;0
2;21;0;0;31;54;4;39;8;264;112;0,5433404381977426;60;59;1;45;190;28;0;1345;152;1063;30;2;137;2;1;34;0;5;11;120;236;16;0
2;3;0;3;12;98;2;20;4;357;11;0,5825020070862631;11;39;1;83;229;18;20;1152;162;1052;22;6;628;11;1;10;6;10;11;53;418;20;0
1;3;5;1;2;83;5;46;5;373;94;0,7396137177323182;104;124;1;205;117;23;35;4324;682;1969;19;21;46;1;1;15;1;1;6;151;72;46;0
6;19;1;0;1;97;6;49;5;328;111;0,5018582046752353;174;39;0;304;142;28;3;3458;1478;256;29;17;185;11;4;2;0;12;10;84;363;19;0
3;12;2;4;5;29;6;41;7;521;76;0,7724473005082555;172;91;1;380;296;4;5;1176;1497;1165;11;24;584;5;2;22;2;3;5;186;348;17;0
0;7;4;1;12;47;0;39;4;202;14;0,2454408599089033;63;75;0;270;53;24;3;1859;1713;1172;28;12;139;11;0;16;6;1;7;63;32;4;0
5;5;3;1;27;72;3;29;5;262;9;0,2964176555907526;128;9;0;344;131;27;27;1164;1045;822;18;27;421;9;0;5;6;8;12;204;384;61;1
1;8;0;0;18;20;1;51;1;370;7;0,4060748703510499;150;14;1;382;116;23;7;2763;1633;870;13;10;462;7;2;13;4;2;3;123;92;0;0
6;21;5;4;22;5;0;37;6;85;61;0,1219465303563022;142;156;1;269;128;35;25;2797;697;1173;33;26;575;7;3;34;10;13;8;73;243;57;1
5;20;3;2;4;124;3;51;5;86;109;0,6124814707273414;216;46;0;114;263;28;37;1507;358;385;35;14;436;10;0;15;4;13;0;196;35;29;0
4;3;1;3;0;103;0;52;8;328;40;0,275140935624164;104;147;1;306;121;6;6;1804;577;1985;0;23;389;8;0;9;4;7;4;138;137;51;1
1;3;0;1;5;119;1;44;2;277;46;0,2050091896491895;197;192;1;154;95;11;11;1543;856;2221;22;2;398;3;0;18;0;9;8;311;147;55;1
6;13;1;2;22;32;3;3;1;403;34;0,8066942108542006;204;136;0;381;107;2;22;3248;741;1557;14;14;471;4;0;35;11;10;5;314;190;3;0
6;0;5;1;6;46;4;20;8;378;102;0,2568738883869821;65;38;0;171;257;0;23;4262;288;941;5;21;367;9;3;31;2;7;3;70;117;8;0
6;13;3;2;28;86;1;46;9;159;103;0,1103969121202805;26;73;1;51;245;19;7;2542;1385;1418;32;13;142;10;0;23;2;3;1;20;339;23;0
1;4;0;1;0;97;0;30;2;260;39;0,5666247015399751;85;127;1;187;36;29;15;3346;312;1978;23;23;706;4;4;30;11;3;6;146;368;50;1
5;3;3;1;12;33;0;27;3;558;30;0,4063841386505403;99;65;1;370;70;35;25;2683;1311;321;31;17;700;10;0;6;6;11;4;283;155;11;0
2;18;2;2;14;41;3;12;3;540;97;0,0916483881465504;214;26;1;180;131;26;36;2258;1130;1520;36;30;291;6;0;10;5;7;8;267;286;68;1
6;16;2;3;6;26;1;30;7;64;91;0,2321413727501066;78;7;0;37;44;31;20;2845;25;2205;34;31;44;0;2;14;3;6;9;83;235;21;0
3;1;5;3;26;124;6;13;3;318;39;0,3469646358852699;182;5;1;194;60;29;32;186;1799;2431;34;1;701;10;2;9;2;0;1;99;429;7;0
0;18;2;1;31;109;0;24;7;543;67;0,5105546518951083;200;112;0;145;115;31;17;3398;361;1102;36;20;129;4;2;2;10;12;4;186;245;63;1
3;22;1;3;3;122;6;44;3;555;36;0,6426115339447084;147;102;0;295;228;18;2;95;711;1058;34;9;744;9;4;23;6;1;11;123;49;10;0
6;14;1;2;10;85;4;53;2;295;46;0,796320779172508;76;88;1;25;204;33;19;4038;436;1701;1;18;239;9;1;13;0;12;9;364;415;55;1
0;21;1;2;25;35;4;40;4;78;56;0,0796027814963222;208;58;1;53;140;13;12;3917;1301;1472;28;23;784;10;1;1;2;7;9;265;341;23;0
2;6;5;0;29;68;0;5;2;599;67;0,5116760466869821;175;55;0;301;302;17;3;2889;380;1527;35;15;124;3;0;12;8;9;0;111;286;68;1
4;10;1;2;3;51;1;5;8;213;78;0,403038183511982;69;108;0;254;229;20;29;1254;875;984;9;25;175;10;0;20;6;11;6;190;163;64;1
6;4;4;3;25;117;3;49;5;467;19;0,481808622757681;105;31;0;208;197;34;15;4272;438;382;15;31;458;9;4;3;5;5;13;73;363;33;0
1;12;1;1;29;92;5;46;8;42;62;0,3591895988562156;151;31;1;221;293;33;1;3417;1532;508;29;31;578;10;1;8;11;3;4;118;390;10;0
5;14;1;4;22;69;6;28;4;61;12;0,5451660416707571;19;77;1;86;87;3;30;4386;882;2061;17;12;99;11;0;14;10;9;5;122;209;68;1
6;2;3;4;2;68;1;35;8;38;87;0,3735039989158747;207;89;1;18;278;34;13;3546;1534;2392;2;19;123;10;4;23;2;10;13;133;113;20;0
2;15;0;0;10;103;0;25;5;458;7;0,5725963793938371;198;10;0;61;259;18;19;1506;1456;2497;33;13;432;11;4;17;7;9;2;362;378;40;0
3;3;5;1;11;34;6;32;1;389;46;0,4994137826348091;126;117;1;31;36;20;4;1568;1845;1524;32;5;134;1;0;14;6;8;7;73;57;68;1
1;9;2;4;17;105;2;32;9;232;64;0,1340519154366024;175;173;1;28;166;20;15;3380;356;1844;3;19;241;0;2;0;5;10;13;31;186;34;0
2;11;1;0;6;97;2;57;6;310;0;0,398412429546724;130;108;0;144;43;11;37;3878;1315;277;36;4;704;4;3;35;11;1;11;334;118;19;0
3;13;5;3;24;8;6;48;3;518;9;0,0290872401365908;186;54;1;74;130;22;37;1242;238;2070;11;11;180;6;0;14;8;4;12;319;377;17;0
2;13;2;1;16;26;0;19;7;255;32;0,0517008124276876;179;175;1;302;3;20;28;3134;661;725;14;4;689;3;1;32;1;0;11;46;122;38;0
0;22;1;4;4;28;1;21;4;112;77;0,4756153051359246;148;131;0;238;139;27;22;3674;1665;187;16;24;534;1;2;32;0;5;5;222;140;13;0
6;0;4;1;6;11;1;42;6;554;7;0,3988578559001974;133;176;0;7;199;25;27;1118;539;1471;27;8;810;5;2;21;7;2;11;239;315;54;1
4;2;5;4;24;45;4;24;4;378;22;0,7342271805221823;151;74;0;144;262;22;23;957;75;355;11;26;626;5;0;30;0;0;4;308;370;43;0
5;2;5;1;19;79;5;4;5;461;53;0,1022504639680251;23;64;1;15;27;28;8;1800;296;2056;23;27;377;7;4;22;11;12;6;226;95;42;0
0;10;3;0;22;28;1;34;4;356;40;0,1778298479142925;62;100;1;239;213;15;29;3930;910;278;34;9;800;9;3;32;10;6;4;156;122;10;0
4;0;2;1;11;61;0;32;2;192;102;0,8049031449728681;25;182;0;169;55;4;0;2528;783;673;32;5;392;4;3;11;6;13;0;137;203;5;0
2;13;6;2;0;112;2;2;3;21;1;0,0751077135662933;138;26;1;303;28;27;20;2314;735;1390;34;11;555;7;3;8;8;11;3;329;178;43;0
1;19;6;0;4;40;3;17;8;490;4;0,3510193061152069;171;81;0;176;232;26;3;2051;1263;508;10;18;567;11;0;13;6;13;9;46;367;21;0
4;11;1;3;21;90;3;24;8;585;3;0,6344446308469831;127;196;1;208;186;25;22;270;1138;639;5;20;232;8;3;20;9;8;10;170;180;62;1
6;15;4;0;29;43;6;46;7;268;25;0,7438027663119475;163;6;1;399;164;11;9;4457;1532;990;33;4;159;0;0;20;2;2;2;68;370;1;0
2;17;2;1;18;9;3;3;5;600;111;0,6909285973607852;102;14;1;138;175;7;32;3930;977;2407;33;0;534;4;1;4;11;6;11;140;342;3;0
3;11;2;1;0;27;6;20;6;20;76;0,7601961371031168;187;164;1;76;5;7;35;803;310;2178;3;29;393;11;0;8;4;0;6;299;153;51;1
5;19;4;0;16;116;3;31;6;25;20;0,822309574120102;190;166;0;170;89;29;5;1826;1421;633;24;5;733;9;4;9;3;6;11;251;346;60;1
4;22;5;2;17;114;5;15;8;381;40;0,3001131694225395;134;164;1;323;29;23;35;3898;1298;919;26;29;26;4;3;33;0;1;13;97;343;41;0
6;11;1;4;15;9;4;51;4;167;8;0,3309494083076112;210;116;1;175;79;7;6;718;1376;747;25;20;472;10;4;5;3;3;6;104;302;55;1
3;2;0;2;8;55;5;31;1;584;41;0,7125335944342259;25;69;0;188;64;0;5;4012;1500;1969;13;4;681;10;0;23;0;0;10;363;261;61;1
3;10;5;1;4;68;2;42;8;50;53;0,3139416968273936;79;78;0;330;104;3;7;4381;1751;380;12;16;238;10;3;31;9;4;11;9;414;29;0
5;6;4;2;23;57;0;47;4;166;105;0,7081136185033294;195;122;1;187;84;23;25;159;76;2156;16;6;81;11;1;32;0;6;2;219;47;55;1
4;7;1;1;0;92;4;11;3;565;67;0,1554011126913626;60;125;0;101;169;27;18;4202;1819;223;3;1;438;5;3;7;8;5;7;95;397;2;0
6;0;2;0;2;111;3;18;4;101;20;0,3401657704456317;102;150;0;362;16;31;10;3981;435;985;3;19;72;2;4;16;7;4;6;90;390;10;0
1;13;3;1;10;26;6;14;5;459;41;0,6859208383421106;130;170;0;172;126;16;16;1187;1919;2302;20;18;278;8;4;37;9;6;9;124;372;60;1
5;9;1;1;29;32;5;32;4;520;18;0,3766155848925382;115;175;0;2;157;37;35;1189;695;429;17;3;310;10;3;7;8;0;0;192;98;22;0
2;14;0;0;17;33;5;23;8;466;60;0,5804338208878836;170;105;0;396;238;11;16;1429;1611;1259;22;13;238;9;1;6;6;2;2;18;322;47;0
1;22;2;2;8;33;5;0;5;263;54;0,3000877440475678;58;92;1;344;171;29;22;1505;767;2360;8;33;602;10;1;20;1;1;10;194;95;4;0
3;21;6;0;1;9;3;51;2;416;10;0,1446679612501374;195;182;0;250;115;30;27;4259;1151;2149;7;7;275;9;2;32;1;10;8;81;258;11;0
2;6;5;4;7;79;4;31;6;121;27;0,6237506880388318;138;96;1;325;147;0;1;4251;1855;449;31;9;787;9;0;27;11;4;0;326;437;65;1
0;3;6;1;29;93;4;5;7;569;42;0,4596348257091575;133;46;1;103;304;6;35;486;559;358;19;17;412;0;4;5;1;3;0;135;315;63;1
2;5;3;3;25;79;1;1;6;596;2;0,1275800292536745;25;35;1;128;258;35;29;1752;560;1161;24;4;266;4;4;36;6;5;4;133;302;3;0
2;12;5;2;23;27;0;44;2;32;8;0,7663652259105506;72;77;0;394;48;21;29;2367;211;1394;10;5;435;8;1;20;0;8;5;19;380;65;1
4;21;4;2;3;71;4;23;4;599;31;0,6865887743023584;25;155;0;403;93;16;8;87;359;220;24;32;384;7;2;37;7;13;9;10;314;46;0
1;0;6;1;7;95;1;5;1;516;88;0,5049327100244065;87;86;0;178;276;7;9;1267;1210;486;19;13;395;2;3;37;9;7;5;51;436;55;1
0;1;0;4;7;74;6;38;6;210;95;0,6246534781042947;92;9;1;3;93;12;29;3145;1379;804;27;20;568;4;4;0;5;13;10;174;276;20;0
3;0;5;0;30;50;3;9;3;200;32;0,0965769064216049;189;149;0;281;68;26;24;213;77;955;3;14;245;3;2;17;6;7;11;201;138;40;0
1;18;1;4;27;113;0;7;3;35;29;0,0594765463146106;204;67;1;12;75;30;23;2662;1592;580;7;25;677;6;1;11;8;0;6;103;370;31;0
0;1;2;4;29;11;5;42;8;125;115;0,8254555243540115;109;120;0;228;69;9;14;1250;806;776;11;15;498;7;0;0;7;5;6;263;303;27;0
5;20;1;2;23;125;2;7;3;461;1;0,0936200650152474;36;61;0;49;43;21;29;3244;397;1545;12;23;720;9;0;21;4;7;12;342;277;51;1
2;1;1;2;2;84;1;17;4;241;97;0,0997275840934347;83;179;1;376;302;12;14;1364;342;836;16;2;697;6;1;14;4;2;12;82;139;41;0
5;21;3;2;25;53;5;9;5;268;23;0,3712809558096491;108;26;0;298;25;10;11;1402;914;1712;7;0;364;4;2;2;9;11;4;118;144;57;1
5;14;1;2;21;47;1;41;2;30;42;0,3603446386351886;112;132;1;131;216;36;26;1102;1517;854;28;25;253;2;3;29;2;9;7;167;296;33;0
1;18;4;4;23;25;0;7;8;524;18;0,3430837289528251;198;182;1;85;104;19;9;3666;856;1778;2;29;155;4;4;28;4;4;12;182;200;15;0
